IterationGG,IterationON2,IterationDS,IterationON3,FuncValueGG,FuncValueON2,FuncValueDS,FuncValueON3,Alp,TimeGG,TimeDS,TimeON2,TimeON3NormGradGG,NormGradDS,NormGradON2,NormGradON3,PosDefHessianGG,PosDefHessianDS,PosDefHessianON2,PosDefHessianON3HesModifyCntGG,HesModifyCntDS,HesModifyCntON2,HesModifyCntON3
3716,3797,4369,1036,1.92568,1.54435,6.31853,0.949786,0.0100001,6.57919e+08,7.02722e+08,7.16954e+08,1.78938e+08,15,11,85,3,1,1,1,1,3,5,2,2
3716,3797,4360,4360,1.92568,1.54435,7.11001,7.11001,0.100001,6.57919e+08,7.02722e+08,7.23844e+08,7.38821e+08,15,11,89,89,1,1,1,1,3,5,1,1
3716,3797,4360,4360,1.92568,1.54435,7.11001,7.11001,0.5,6.57919e+08,7.02722e+08,7.34369e+08,7.59199e+08,15,11,89,89,1,1,1,1,3,5,1,1
3716,3797,4360,4360,1.92568,1.54435,7.11001,7.11001,1,6.57919e+08,7.02722e+08,7.52836e+08,7.40481e+08,15,11,89,89,1,1,1,1,3,5,1,1
