IterationGG,IterationON2,IterationDS,IterationON3,FuncValueGG,FuncValueON2,FuncValueDS,FuncValueON3,Alp,TimeGG,TimeDS,TimeON2,TimeON3NormGradGG,NormGradDS,NormGradON2,NormGradON3,PosDefHessianGG,PosDefHessianDS,PosDefHessianON2,PosDefHessianON3HesModifyCntGG,HesModifyCntDS,HesModifyCntON2,HesModifyCntON3
1098,93,1061,1087,1.88903e+06,1.47577e+06,1.92468e+06,1.92468e+06,0.0100001,5.66885e+07,7.40239e+06,5.50639e+07,5.70258e+07,4437,3914,4479,4479,1,1,1,1,2,35,12,12
1098,93,1036,1114,1.88903e+06,1.47577e+06,1.92631e+06,1.92631e+06,0.100001,5.66885e+07,7.40239e+06,5.04744e+07,5.84594e+07,4437,3914,4481,4481,1,1,1,1,2,35,7,7
1098,93,1073,1073,1.88903e+06,1.47577e+06,1.92631e+06,1.92631e+06,0.5,5.66885e+07,7.40239e+06,5.36638e+07,5.43794e+07,4437,3914,4481,4481,1,1,1,1,2,35,5,5
1098,93,1073,1073,1.88903e+06,1.47577e+06,1.92631e+06,1.92631e+06,1,5.66885e+07,7.40239e+06,5.24904e+07,5.69611e+07,4437,3914,4481,4481,1,1,1,1,2,35,5,5
