IterationGG,IterationON2,IterationDS,IterationON3,FuncValueGG,FuncValueON2,FuncValueDS,FuncValueON3,Alp,TimeGG,TimeDS,TimeON2,TimeON3NormGradGG,NormGradDS,NormGradON2,NormGradON3,PosDefHessianGG,PosDefHessianDS,PosDefHessianON2,PosDefHessianON3HesModifyCntGG,HesModifyCntDS,HesModifyCntON2,HesModifyCntON3
1294,1908,1403,1499,9.99958e+11,9.99974e+11,9.9996e+11,9.99921e+11,0.0100001,3.9399e+06,1.75927e+07,4.61538e+06,5.07296e+06,531045,263868,501498,1180579,1,0,1,1,2,870,2,6
1294,1908,1402,1549,9.99958e+11,9.99974e+11,9.9996e+11,9.9992e+11,0.100001,3.9399e+06,1.75927e+07,4.9851e+06,5.66867e+06,531045,263868,503437,1193949,1,0,1,1,2,870,2,6
1294,1908,1569,1374,9.99958e+11,9.99974e+11,9.99917e+11,9.99959e+11,0.5,3.9399e+06,1.75927e+07,5.703e+06,4.82397e+06,531045,263868,1235354,516632,1,0,1,1,2,870,6,2
1294,1908,1516,1315,9.99958e+11,9.99974e+11,9.99914e+11,9.99958e+11,1,3.9399e+06,1.75927e+07,4.98744e+06,4.00797e+06,531045,263868,1293385,532588,1,0,1,1,2,870,6,2
