IterationGG,IterationON2,IterationDS,IterationON3,FuncValueGG,FuncValueON2,FuncValueDS,FuncValueON3,Alp,TimeGG,TimeDS,TimeON2,TimeON3NormGradGG,NormGradDS,NormGradON2,NormGradON3,PosDefHessianGG,PosDefHessianDS,PosDefHessianON2,PosDefHessianON3HesModifyCntGG,HesModifyCntDS,HesModifyCntON2,HesModifyCntON3
71,172,172,172,-0.126711,0.168028,0.129281,0.129281,0.0100001,315686,580974,842909,1.03024e+06,2,2,2,2,1,1,1,1,1,1,1,1
71,172,1366,1366,-0.126711,0.168028,-1.03162,-1.03162,0.100001,315686,580974,8.59732e+06,6.15441e+06,2,2,0,0,1,1,1,1,1,1,1,1
71,172,120,120,-0.126711,0.168028,0.451061,0.451061,0.5,315686,580974,639111,705151,2,2,1,1,1,1,1,1,1,1,3,3
71,172,82,82,-0.126711,0.168028,0.398216,0.398216,1,315686,580974,583417,396911,2,2,1,1,1,1,1,1,1,1,2,2
