IterationGG,IterationON2,IterationDS,IterationON3,FuncValueGG,FuncValueON2,FuncValueDS,FuncValueON3,Alp,TimeGG,TimeDS,TimeON2,TimeON3NormGradGG,NormGradDS,NormGradON2,NormGradON3,PosDefHessianGG,PosDefHessianDS,PosDefHessianON2,PosDefHessianON3HesModifyCntGG,HesModifyCntDS,HesModifyCntON2,HesModifyCntON3
364,287,353,353,0.298639,0.298639,0.298639,0.298639,0.0100001,3.90091e+06,2.94607e+06,3.68444e+06,3.579e+06,0,0,0,0,1,1,1,1,9,19,14,14
364,287,449,449,0.298639,0.298639,0.298639,0.298639,0.100001,3.90091e+06,2.94607e+06,4.67477e+06,5.09719e+06,0,0,0,0,1,1,1,1,9,19,3,3
364,287,401,389,0.298639,0.298639,0.298639,0.298639,0.5,3.90091e+06,2.94607e+06,4.14677e+06,4.26517e+06,0,0,0,0,1,1,1,1,9,19,1,1
364,287,255,406,0.298639,0.298639,0.298639,0.298639,1,3.90091e+06,2.94607e+06,2.79454e+06,5.22102e+06,0,0,0,0,1,1,1,1,9,19,1,21
