IterationGG,IterationDS,IterationON2,IterationON3,FuncValueGG,FuncValueON2,FuncValueDS,FuncValueON3,Alp,TimeGG,TimeDS,TimeON2,TimeON3,NormGradGG,NormGradDS,NormGradON2,NormGradON3PosDefHessianGG,PosDefHessianDS,PosDefHessianON2,PosDefHessianON3,HesModifyCntGG,HesModifyCntDS,HesModifyCntON2,HesModifyCntON3
1857,1885,1845,1853,0.00419497,0.00330544,0.00417868,0.00422878,0.0100001,3.01215e+07,4.80991e+07,5.23677e+07,6.97375e+07,0,0,0,0,1,1,1,1,3,2,3,3
1857,1885,1857,1858,0.00419497,0.00330544,0.00420827,0.00420235,0.100001,3.01215e+07,4.80991e+07,5.53236e+07,5.46012e+07,0,0,0,0,1,1,1,1,3,2,5,7
1857,1885,1866,1844,0.00419497,0.00330544,0.00422611,0.0042489,0.5,3.01215e+07,4.80991e+07,5.51876e+07,5.77968e+07,0,0,0,0,1,1,1,1,3,2,17,24
1857,1885,1882,1891,0.00419497,0.00330544,0.00421113,0.00424675,1,3.01215e+07,4.80991e+07,5.83214e+07,5.73462e+07,0,0,0,0,1,1,1,1,3,2,40,52
