IterationGG,IterationON2,IterationDS,IterationON3,FuncValueGG,FuncValueON2,FuncValueDS,FuncValueON3,Alp,TimeGG,TimeDS,TimeON2,TimeON3NormGradGG,NormGradDS,NormGradON2,NormGradON3,PosDefHessianGG,PosDefHessianDS,PosDefHessianON2,PosDefHessianON3HesModifyCntGG,HesModifyCntDS,HesModifyCntON2,HesModifyCntON3
268,314,386,386,-663.499,-663.499,-663.499,-663.499,0.0100001,1.42793e+06,1.6335e+06,1.24938e+06,1.99467e+06,7,7,7,7,1,1,1,1,23,2,8,8
268,314,378,378,-663.499,-663.499,-663.499,-663.499,0.100001,1.42793e+06,1.6335e+06,1.93786e+06,1.94762e+06,7,7,7,7,1,1,1,1,23,2,3,3
268,314,378,378,-663.499,-663.499,-663.499,-663.499,0.5,1.42793e+06,1.6335e+06,1.92386e+06,1.95426e+06,7,7,7,7,1,1,1,1,23,2,3,3
268,314,378,378,-663.499,-663.499,-663.499,-663.499,1,1.42793e+06,1.6335e+06,1.77868e+06,1.44398e+06,7,7,7,7,1,1,1,1,23,2,3,3
