IterationGG,IterationON2,IterationDS,IterationON3,FuncValueGG,FuncValueON2,FuncValueDS,FuncValueON3,Alp,TimeGG,TimeDS,TimeON2,TimeON3NormGradGG,NormGradDS,NormGradON2,NormGradON3,PosDefHessianGG,PosDefHessianDS,PosDefHessianON2,PosDefHessianON3HesModifyCntGG,HesModifyCntDS,HesModifyCntON2,HesModifyCntON3
65,97,70,71,52.7191,41.1926,49.6497,49.6457,0.0100001,542985,1.23431e+06,590618,607046,0,0,0,0,1,1,1,1,25,7,2,2
65,97,51,51,52.7191,41.1926,50.0195,50.0044,0.100001,542985,1.23431e+06,358452,425394,0,0,0,0,1,1,1,1,25,7,2,2
65,97,52,54,52.7191,41.1926,51.7531,51.7532,0.5,542985,1.23431e+06,419351,402967,0,0,0,0,1,1,1,1,25,7,1,1
65,97,39,41,52.7191,41.1926,51.6232,51.6487,1,542985,1.23431e+06,326736,364685,0,0,0,0,1,1,1,1,25,7,1,1
