IterationGG,IterationON2,IterationDS,IterationON3,FuncValueGG,FuncValueON2,FuncValueDS,FuncValueON3,Alp,TimeGG,TimeDS,TimeON2,TimeON3NormGradGG,NormGradDS,NormGradON2,NormGradON3,PosDefHessianGG,PosDefHessianDS,PosDefHessianON2,PosDefHessianON3HesModifyCntGG,HesModifyCntDS,HesModifyCntON2,HesModifyCntON3
1110,867,442,1102,0.000167293,0.000166571,0.0979496,0.000167249,0.5,1.38101e+08,1.0601e+08,6.89026e+07,1.45983e+08,0,0,0,0,1,1,0,1,146,5,65,35
1110,867,438,1054,0.000167293,0.000166571,0.0597171,0.000167322,1,1.38101e+08,1.0601e+08,5.69828e+07,1.33284e+08,0,0,0,0,1,1,1,1,146,5,29,9
762,654,477,645,0.00338712,0.00345935,0.0877197,0.00343736,0.5,1.0029e+08,7.86062e+07,7.66311e+07,8.89187e+07,0,0,0,0,1,1,0,1,46,3,105,8
762,654,645,577,0.00338712,0.00345935,0.0034372,0.0034799,1,1.0029e+08,7.86062e+07,8.10341e+07,7.70999e+07,0,0,0,0,1,1,1,1,46,3,2,2
