IterationGG,IterationON2,IterationDS,IterationON3,FuncValueGG,FuncValueON2,FuncValueDS,FuncValueON3,Alp,TimeGG,TimeDS,TimeON2,TimeON3NormGradGG,NormGradDS,NormGradON2,NormGradON3,PosDefHessianGG,PosDefHessianDS,PosDefHessianON2,PosDefHessianON3HesModifyCntGG,HesModifyCntDS,HesModifyCntON2,HesModifyCntON3
1652,1575,1255,1255,8.36491,9.51135,9.33984,9.33961,0.0100001,2.72797e+09,2.51165e+09,1.8304e+09,1.8365e+09,0,0,0,0,1,1,1,1,2,3,2,2
1652,1575,1255,1257,8.36491,9.51135,9.33954,9.33715,0.100001,2.72797e+09,2.51165e+09,1.77535e+09,1.69997e+09,0,0,0,0,1,1,1,1,2,3,2,2
1652,1575,1256,1266,8.36491,9.51135,9.33824,9.32622,0.5,2.72797e+09,2.51165e+09,1.68169e+09,1.68513e+09,0,0,0,0,1,1,1,1,2,3,2,2
1652,1575,1257,1276,8.36491,9.51135,9.33668,9.31223,1,2.72797e+09,2.51165e+09,1.57145e+09,1.57248e+09,0,0,0,0,1,1,1,1,2,3,2,2
