IterationGG,IterationON2,IterationDS,IterationON3,FuncValueGG,FuncValueON2,FuncValueDS,FuncValueON3,Alp,TimeGG,TimeDS,TimeON2,TimeON3NormGradGG,NormGradDS,NormGradON2,NormGradON3,PosDefHessianGG,PosDefHessianDS,PosDefHessianON2,PosDefHessianON3HesModifyCntGG,HesModifyCntDS,HesModifyCntON2,HesModifyCntON3
57,65,77,77,1782.69,1796.85,1782.21,1782.21,0.0100001,8.66299e+06,1.0285e+07,1.18242e+07,1.11612e+07,780,804,779,779,1,1,1,1,2,1,1,1
57,65,77,77,1782.69,1796.85,1782.21,1782.21,0.100001,8.66299e+06,1.0285e+07,1.05032e+07,1.20046e+07,780,804,779,779,1,1,1,1,2,1,1,1
57,65,77,77,1782.69,1796.85,1782.21,1782.21,0.5,8.66299e+06,1.0285e+07,1.26901e+07,1.26671e+07,780,804,779,779,1,1,1,1,2,1,1,1
57,65,77,77,1782.69,1796.85,1782.21,1782.21,1,8.66299e+06,1.0285e+07,1.21116e+07,1.20475e+07,780,804,779,779,1,1,1,1,2,1,1,1
