IterationGG,IterationON2,IterationDS,IterationON3,FuncValueGG,FuncValueON2,FuncValueDS,FuncValueON3,Alp,TimeGG,TimeDS,TimeON2,TimeON3NormGradGG,NormGradDS,NormGradON2,NormGradON3,PosDefHessianGG,PosDefHessianDS,PosDefHessianON2,PosDefHessianON3HesModifyCntGG,HesModifyCntDS,HesModifyCntON2,HesModifyCntON3
195,384,235,237,403.026,260.971,386.152,386.132,0.0100001,1.16525e+06,2.36853e+06,1.53725e+06,1.77021e+06,1,1,1,1,1,1,1,1,1,2,23,23
195,384,225,220,403.026,260.971,391.431,390.968,0.100001,1.16525e+06,2.36853e+06,1.58173e+06,1.41654e+06,1,1,1,1,1,1,1,1,1,2,15,15
195,384,177,186,403.026,260.971,398.301,398.236,0.5,1.16525e+06,2.36853e+06,1.12669e+06,1.28109e+06,1,1,1,1,1,1,1,1,1,2,7,7
195,384,182,186,403.026,260.971,400.375,400.334,1,1.16525e+06,2.36853e+06,1.11607e+06,1.33466e+06,1,1,1,1,1,1,1,1,1,2,5,5
