IterationGG,IterationON2,IterationDS,IterationON3,FuncValueGG,FuncValueON2,FuncValueDS,FuncValueON3,Alp,TimeGG,TimeDS,TimeON2,TimeON3NormGradGG,NormGradDS,NormGradON2,NormGradON3,PosDefHessianGG,PosDefHessianDS,PosDefHessianON2,PosDefHessianON3HesModifyCntGG,HesModifyCntDS,HesModifyCntON2,HesModifyCntON3
645,572,592,592,68.071,68.0698,68.0702,68.0702,0.0100001,5.22193e+06,4.42156e+06,6.01343e+06,4.9978e+06,748,753,749,749,1,1,1,1,1,1,1,1
645,572,592,592,68.071,68.0698,68.0702,68.0702,0.100001,5.22193e+06,4.42156e+06,3.09441e+06,4.66229e+06,748,753,749,749,1,1,1,1,1,1,1,1
645,572,592,592,68.071,68.0698,68.0702,68.0702,0.5,5.22193e+06,4.42156e+06,5.13195e+06,5.28172e+06,748,753,749,749,1,1,1,1,1,1,1,1
645,572,592,592,68.071,68.0698,68.0702,68.0702,1,5.22193e+06,4.42156e+06,4.241e+06,3.94049e+06,748,753,749,749,1,1,1,1,1,1,1,1
