IterationGG,IterationON2,IterationDS,IterationON3,FuncValueGG,FuncValueON2,FuncValueDS,FuncValueON3,Alp,TimeGG,TimeDS,TimeON2,TimeON3NormGradGG,NormGradDS,NormGradON2,NormGradON3,PosDefHessianGG,PosDefHessianDS,PosDefHessianON2,PosDefHessianON3HesModifyCntGG,HesModifyCntDS,HesModifyCntON2,HesModifyCntON3
5179,5559,4998,5180,0.161908,0.158857,0.163557,0.162017,0.5,1.46884e+08,1.66712e+08,1.36303e+08,1.41141e+08,0,0,0,0,1,1,1,1,5,1,5,7
5179,5559,4970,5092,0.161908,0.158857,0.163596,0.162575,1,1.46884e+08,1.66712e+08,1.3458e+08,1.33687e+08,0,0,0,0,1,1,1,1,5,1,1,2
2425,2440,3259,2188,0.263874,0.259672,0.217699,0.283829,0.5,6.99545e+07,7.09089e+07,1.14997e+08,6.06584e+07,0,0,0,0,1,1,1,1,88,10,1125,63
2425,2440,2425,2242,0.263874,0.259672,0.264915,0.278049,1,6.99545e+07,7.09089e+07,7.14678e+07,6.0946e+07,0,0,0,0,1,1,1,1,88,10,226,32
2013,4868,2038,2096,0.229929,0.169196,0.230436,0.228372,0.5,4.98845e+07,1.22902e+08,4.86173e+07,5.77621e+07,0,0,0,0,1,1,1,1,3,10,18,6
2013,4868,2002,2374,0.229929,0.169196,0.231309,0.216303,1,4.98845e+07,1.22902e+08,5.39838e+07,6.05409e+07,0,0,0,0,1,1,1,1,3,10,3,12
2519,3230,2049,2172,0.179139,0.169267,0.185619,0.183619,0.5,6.27002e+07,8.57477e+07,5.12702e+07,5.02312e+07,0,0,0,0,1,1,1,1,14,3,3,6
2519,3230,2114,2124,0.179139,0.169267,0.184728,0.18412,1,6.27002e+07,8.57477e+07,5.2544e+07,5.10269e+07,0,0,0,0,1,1,1,1,14,3,6,2
