IterationGG,IterationON2,IterationDS,IterationON3,FuncValueGG,FuncValueON2,FuncValueDS,FuncValueON3,Alp,TimeGG,TimeDS,TimeON2,TimeON3NormGradGG,NormGradDS,NormGradON2,NormGradON3,PosDefHessianGG,PosDefHessianDS,PosDefHessianON2,PosDefHessianON3HesModifyCntGG,HesModifyCntDS,HesModifyCntON2,HesModifyCntON3
2,2,2,2,9.86374,9.86374,9.86374,9.86374,0.0100001,577195,577519,1.03524e+06,1.02891e+06,0,0,0,0,0,0,0,0,1,1,1,1
2,2,2,2,9.86374,9.86374,9.86374,9.86374,0.100001,577195,577519,1.02896e+06,1.03775e+06,0,0,0,0,0,0,0,0,1,1,1,1
2,2,2,2,9.86374,9.86374,9.86374,9.86374,0.5,577195,577519,1.03005e+06,1.02953e+06,0,0,0,0,0,0,0,0,1,1,1,1
2,2,2,2,9.86374,9.86374,9.86374,9.86374,1,577195,577519,1.03389e+06,1.03816e+06,0,0,0,0,0,0,0,0,1,1,1,1
