IterationGG,IterationON2,IterationDS,IterationON3,FuncValueGG,FuncValueON2,FuncValueDS,FuncValueON3,Alp,TimeGG,TimeDS,TimeON2,TimeON3NormGradGG,NormGradDS,NormGradON2,NormGradON3,PosDefHessianGG,PosDefHessianDS,PosDefHessianON2,PosDefHessianON3HesModifyCntGG,HesModifyCntDS,HesModifyCntON2,HesModifyCntON3
1102,1016,1069,1050,7640.45,2736.64,7731.04,7736.55,0.0100001,3.16869e+07,3.17211e+07,3.00174e+07,3.00344e+07,220,106,205,203,1,1,1,1,8,40,8,8
1102,1016,1995,2204,7640.45,2736.64,8746.9,8858.07,0.100001,3.16869e+07,3.17211e+07,5.51554e+07,6.04298e+07,220,106,261,171,1,1,1,1,8,40,6,14
1102,1016,1940,1801,7640.45,2736.64,10313,10798.1,0.5,3.16869e+07,3.17211e+07,5.44832e+07,4.77057e+07,220,106,177,377,1,1,1,1,8,40,10,3
1102,1016,1910,1666,7640.45,2736.64,11174.3,11742.4,1,3.16869e+07,3.17211e+07,5.10871e+07,4.78377e+07,220,106,165,314,1,1,1,1,8,40,19,3
