IterationGG,IterationON2,IterationDS,IterationON3,FuncValueGG,FuncValueON2,FuncValueDS,FuncValueON3,Alp,TimeGG,TimeDS,TimeON2,TimeON3NormGradGG,NormGradDS,NormGradON2,NormGradON3,PosDefHessianGG,PosDefHessianDS,PosDefHessianON2,PosDefHessianON3HesModifyCntGG,HesModifyCntDS,HesModifyCntON2,HesModifyCntON3
1329,1246,1247,1245,58.4405,2.46542e-09,2.24001e-09,2.43133e-09,0.0100001,1.81687e+07,1.68068e+07,1.78377e+07,1.8056e+07,26,0,0,0,1,1,1,1,2,5,5,5
1329,1246,1272,1250,58.4405,2.46542e-09,2.4512e-09,2.4633e-09,0.100001,1.81687e+07,1.68068e+07,1.79474e+07,1.84245e+07,26,0,0,0,1,1,1,1,2,5,6,2
1329,1246,1669,1735,58.4405,2.46542e-09,1.71192e-09,1.50645e-09,0.5,1.81687e+07,1.68068e+07,2.50291e+07,2.38685e+07,26,0,0,0,1,1,1,1,2,5,1,1
1329,1246,1763,1757,58.4405,2.46542e-09,1.77897e-09,1.66178e-09,1,1.81687e+07,1.68068e+07,2.45777e+07,2.28246e+07,26,0,0,0,1,1,1,1,2,5,1,1
