IterationGG,IterationDS,IterationON2,IterationON3,FuncValueGG,FuncValueON2,FuncValueDS,FuncValueON3,Alp,TimeGG,TimeDS,TimeON2,TimeON3,NormGradGG,NormGradDS,NormGradON2,NormGradON3PosDefHessianGG,PosDefHessianDS,PosDefHessianON2,PosDefHessianON3,HesModifyCntGG,HesModifyCntDS,HesModifyCntON2,HesModifyCntON3
143,139,85,30,-3.81252,-3.81249,-3.81262,-3.81275,0.0100001,3.13597e+08,2.29664e+08,1.13549e+08,3.70975e+07,0,0,0,0,1,1,1,1,30,4,1,1
143,139,144,143,-3.81252,-3.81249,-3.81271,-3.81261,0.100001,3.13597e+08,2.29664e+08,1.97103e+08,1.79722e+08,0,0,0,0,1,1,1,1,30,4,11,10
143,139,602,589,-3.81252,-3.81249,-3.81275,-3.81276,0.5,3.13597e+08,2.29664e+08,8.08613e+08,5.91816e+08,0,0,0,0,1,1,1,1,30,4,470,454
143,139,8225,8225,-3.81252,-3.81249,-3.8126,-3.8126,1,3.13597e+08,2.29664e+08,5.70771e+09,4.29994e+09,0,0,0,0,1,1,1,1,30,4,8122,8122
