IterationGG,IterationON2,IterationDS,IterationON3,FuncValueGG,FuncValueON2,FuncValueDS,FuncValueON3,Alp,TimeGG,TimeDS,TimeON2,TimeON3NormGradGG,NormGradDS,NormGradON2,NormGradON3,PosDefHessianGG,PosDefHessianDS,PosDefHessianON2,PosDefHessianON3HesModifyCntGG,HesModifyCntDS,HesModifyCntON2,HesModifyCntON3
875,281,262,262,5.709e-10,5.67869e-10,5.44194e-10,5.44194e-10,0.0100001,4.94708e+06,1.79935e+06,1.63312e+06,1.8354e+06,0,0,0,0,1,1,1,1,25,43,22,22
875,281,1140,1140,5.709e-10,5.67869e-10,5.35052e-10,5.35052e-10,0.100001,4.94708e+06,1.79935e+06,6.24835e+06,5.92545e+06,0,0,0,0,1,1,1,1,25,43,14,14
875,281,1006,1006,5.709e-10,5.67869e-10,5.42735e-10,5.42735e-10,0.5,4.94708e+06,1.79935e+06,5.18834e+06,6.01471e+06,0,0,0,0,1,1,1,1,25,43,4,4
875,281,967,951,5.709e-10,5.67869e-10,3.55929e-07,5.719e-07,1,4.94708e+06,1.79935e+06,4.86243e+06,5.52564e+06,0,0,0,0,1,1,1,1,25,43,3,6
85,543,646,646,0.456348,5.75546e-10,5.68726e-10,5.68726e-10,0.0100001,552597,3.57207e+06,4.45374e+06,4.63438e+06,1,0,0,0,1,1,1,1,24,38,47,47
85,543,421,421,0.456348,5.75546e-10,5.31854e-10,5.31854e-10,0.100001,552597,3.57207e+06,2.6722e+06,2.54341e+06,1,0,0,0,1,1,1,1,24,38,5,5
85,543,227,226,0.456348,5.75546e-10,5.39426e-10,5.69073e-10,0.5,552597,3.57207e+06,1.53471e+06,1.42357e+06,1,0,0,0,1,1,1,1,24,38,2,2
85,543,252,493,0.456348,5.75546e-10,5.39422e-10,5.53295e-10,1,552597,3.57207e+06,1.46174e+06,3.16204e+06,1,0,0,0,1,1,1,1,24,38,1,1
